width,height,fps,bitrate,bpp,qp_first_I,qp_first_P
2304,1296,20,20000,0.00033,40,41
2304,1296,20,50000,0.00084,40,41
2304,1296,20,100000,0.00167,40,41
2304,1296,20,200000,0.00335,40,41
2304,1296,20,300000,0.00502,40,41
2304,1296,20,500000,0.00837,40,41
2304,1296,20,750000,0.01256,39,40
2304,1296,20,1000000,0.01674,39,40
2304,1296,20,1500000,0.02512,39,40
2304,1296,20,2000000,0.03349,37,38
2304,1296,20,3000000,0.05023,35,36
2304,1296,20,4000000,0.06698,35,36
2304,1296,20,6000000,0.10047,33,34
2304,1296,20,8000000,0.13396,33,34
2304,1296,20,12000000,0.20094,32,33
2304,1296,20,16000000,0.26792,32,33
2304,1296,20,24000000,0.40188,29,30
2304,1296,20,32000000,0.53584,29,30
2304,1296,20,48000000,0.80376,27,28
2304,1296,20,64000000,1.07167,27,28
2304,1296,20,96000000,1.60751,25,26
2304,1296,20,128000000,2.14335,25,26
1920,1088,20,20000,0.00048,40,41
1920,1088,20,50000,0.00120,40,41
1920,1088,20,100000,0.00239,40,41
1920,1088,20,200000,0.00479,40,41
1920,1088,20,300000,0.00718,40,41
1920,1088,20,500000,0.01197,39,40
1920,1088,20,750000,0.01795,39,40
1920,1088,20,1000000,0.02394,39,40
1920,1088,20,1500000,0.03590,37,38
1920,1088,20,2000000,0.04787,37,38
1920,1088,20,3000000,0.07181,35,36
1920,1088,20,4000000,0.09574,35,36
1920,1088,20,6000000,0.14361,33,34
1920,1088,20,8000000,0.19148,33,34
1920,1088,20,12000000,0.28722,32,33
1920,1088,20,16000000,0.38297,32,33
1920,1088,20,24000000,0.57445,29,30
1920,1088,20,32000000,0.76593,27,28
1920,1088,20,48000000,1.14890,27,28
1920,1088,20,64000000,1.53186,25,26
1920,1088,20,96000000,2.29779,25,26
1920,1088,20,128000000,3.06373,15,16
1280,720,20,20000,0.00109,40,41
1280,720,20,50000,0.00271,40,41
1280,720,20,100000,0.00543,40,41
1280,720,20,200000,0.01085,39,40
1280,720,20,300000,0.01628,39,40
1280,720,20,500000,0.02713,39,40
1280,720,20,750000,0.04069,37,38
1280,720,20,1000000,0.05425,35,36
1280,720,20,1500000,0.08138,35,36
1280,720,20,2000000,0.10851,33,34
1280,720,20,3000000,0.16276,33,34
1280,720,20,4000000,0.21701,32,33
1280,720,20,6000000,0.32552,32,33
1280,720,20,8000000,0.43403,29,30
1280,720,20,12000000,0.65104,27,28
1280,720,20,16000000,0.86806,27,28
1280,720,20,24000000,1.30208,27,28
1280,720,20,32000000,1.73611,25,26
1280,720,20,48000000,2.60417,15,16
1280,720,20,64000000,3.47222,15,16
1280,720,20,96000000,5.20833,15,16
1280,720,20,128000000,6.94444,15,16
640,368,20,20000,0.00425,40,41
640,368,20,50000,0.01061,39,40
640,368,20,100000,0.02123,39,40
640,368,20,200000,0.04246,37,38
640,368,20,300000,0.06369,35,36
640,368,20,500000,0.10615,33,34
640,368,20,750000,0.15922,33,34
640,368,20,1000000,0.21230,32,33
640,368,20,1500000,0.31844,32,33
640,368,20,2000000,0.42459,29,30
640,368,20,3000000,0.63689,27,28
640,368,20,4000000,0.84918,27,28
640,368,20,6000000,1.27378,27,28
640,368,20,8000000,1.69837,25,26
640,368,20,12000000,2.54755,15,16
640,368,20,16000000,3.39674,15,16
640,368,20,24000000,5.09511,15,16
640,368,20,32000000,6.79348,15,16
640,368,20,48000000,10.19022,15,16
640,368,20,64000000,13.58696,15,16
640,368,20,96000000,20.38043,15,16
640,368,20,128000000,27.17391,15,16
