frame,type,complexity,qp,bits,target
0,I,0.500,37,122499,0
1,P,0.521,38,22744,84615
2,P,0.542,36,29811,114153
3,P,0.563,34,39015,119114
4,P,0.584,32,50990,124120
5,P,0.605,30,66555,128996
6,P,0.626,28,86765,133456
7,P,0.647,26,112986,137047
8,P,0.668,25,130940,139052
9,P,0.689,25,135057,139790
10,P,0.710,25,139175,140263
11,P,0.731,25,143292,140384
12,P,0.752,26,131327,140021
13,P,0.773,26,134996,141263
14,P,0.794,26,138664,142308
15,P,0.815,26,142333,143036
16,P,0.836,26,146001,143212
17,P,0.857,26,149669,142283
18,P,0.878,27,136608,138590
19,P,0.899,27,139876,140573
20,P,0.920,29,113614,110034
21,P,0.941,30,103529,109846
22,P,0.962,30,105840,110197
23,P,0.983,30,108151,110453
24,P,1.004,30,110462,110597
25,P,1.025,30,112773,110606
26,P,1.046,31,102528,110452
27,P,1.067,31,104587,111061
28,P,1.088,31,106646,111601
29,P,1.109,31,108705,112051
30,P,1.130,31,110763,112386
31,P,1.151,31,112822,112566
32,P,1.172,31,114881,112534
33,P,1.193,31,116940,112199
34,P,1.214,31,118999,111409
35,P,1.235,31,121057,109891
36,P,1.256,32,109684,107100
37,P,1.277,32,111518,106238
38,P,1.298,33,100986,103599
39,P,1.319,32,115187,106212
40,P,1.340,34,92879,109551
41,P,1.361,33,105888,110428
42,P,1.382,33,107522,110681
43,P,1.403,33,109156,110866
44,P,1.424,33,110790,110973
45,P,1.445,33,112424,110986
46,P,1.466,34,101614,110883
47,P,1.487,34,103070,111596
48,P,1.508,34,104526,112306
49,P,1.529,34,105982,113014
50,P,1.550,34,107437,113717
51,P,1.571,34,108893,114415
52,P,1.592,34,110349,115105
53,P,1.613,34,111805,115785
54,P,1.634,35,100904,116448
55,P,1.655,34,114716,119557
56,P,1.676,34,116172,120767
57,P,1.697,35,104795,122299
58,P,1.718,33,133667,131051
59,P,1.739,34,120540,128436
60,P,1.761,36,96828,110394
61,P,1.782,35,109982,111108
62,P,1.803,36,99139,111171
63,P,1.824,36,100294,111879
64,P,1.845,36,101450,112603
65,P,1.866,36,102605,113346
66,P,1.887,36,103761,114114
67,P,1.908,36,104916,114910
68,P,1.929,36,106071,115743
69,P,1.950,36,107227,116622
70,P,1.971,36,108382,117562
71,P,1.992,36,109538,118582
72,P,2.013,36,110693,119712
73,P,2.034,36,111849,121001
74,P,2.055,36,113004,122526
75,P,2.076,36,114160,124431
76,P,2.097,36,115315,126999
77,P,2.118,35,130734,130894
78,P,2.139,36,117626,130974
79,P,2.160,34,149655,144322
80,P,2.181,36,119937,109733
81,P,2.202,37,107881,109196
82,P,2.223,37,108910,109269
83,P,2.244,37,109940,109290
84,P,2.265,37,110969,109249
85,P,2.286,37,111999,109135
86,P,2.307,37,113028,108930
87,P,2.328,37,114057,108615
88,P,2.349,37,115087,108162
89,P,2.370,37,116116,107532
90,P,2.391,37,117146,106674
91,P,2.412,38,105282,105510
92,P,2.433,38,106199,105539
93,P,2.454,38,107116,105445
94,P,2.475,38,108033,105166
95,P,2.496,39,97064,104593
96,P,2.517,38,109867,106475
97,P,2.538,39,98698,105345
98,P,2.559,38,111702,108669
99,P,2.580,40,89386,105636
100,P,2.601,39,101149,110812
101,P,2.622,39,101966,111321
102,P,2.643,39,102783,111840
103,P,2.664,39,103600,112373
104,P,2.685,39,104417,112922
105,P,2.706,39,105234,113489
106,P,2.727,39,106051,114078
107,P,2.748,39,106868,114696
108,P,2.769,39,107685,115348
109,P,2.790,39,108502,116045
110,P,2.811,38,122707,116799
111,P,2.832,39,110136,116143
112,P,2.853,39,110953,116894
113,P,2.874,39,111770,117742
114,P,2.895,38,126375,118738
115,P,2.916,39,113404,117210
116,P,2.937,39,114222,118162
117,P,2.958,39,115039,119476
118,P,2.979,38,130043,121694
119,P,3.000,39,116673,113346
120,P,0.500,39,19445,109833
121,P,0.521,41,16082,114590
122,P,0.542,39,21080,120063
123,P,0.563,37,27588,125886
124,P,0.584,35,36056,132029
125,P,0.605,33,47061,138428
126,P,0.626,31,61352,144954
127,P,0.647,29,79893,151385
128,P,0.668,27,103927,157343
129,P,0.689,25,135057,162199
130,P,0.710,24,156218,164913
131,P,0.731,24,160840,165879
132,P,0.752,24,165462,166509
133,P,0.773,24,170084,166658
134,P,0.794,25,155645,166088
135,P,0.815,25,159763,168176
136,P,0.836,25,163880,170280
137,P,0.857,25,167998,172413
138,P,0.878,25,172116,174621
139,P,0.899,23,222040,177126
140,P,0.920,25,180351,107754
141,P,0.941,27,146413,103933
142,P,0.962,29,118802,101573
143,P,0.983,31,96352,100560
144,P,1.004,31,98411,100823
145,P,1.025,31,100469,100983
146,P,1.046,31,102528,101020
147,P,1.067,31,104587,100904
148,P,1.088,31,106646,100597
149,P,1.109,31,108705,100047
150,P,1.130,32,98679,99182
151,P,1.151,32,100513,99238
152,P,1.172,32,102347,99078
153,P,1.193,32,104182,98611
154,P,1.214,33,94449,97683
155,P,1.235,33,96083,98330
156,P,1.256,33,97717,98892
157,P,1.277,33,99351,99284
158,P,1.298,33,100986,99250
159,P,1.319,33,102620,97515
160,P,1.340,32,117021,109744
161,P,1.361,33,105888,109361
162,P,1.382,33,107522,109554
163,P,1.403,33,109156,109674
164,P,1.424,33,110790,109706
165,P,1.445,33,112424,109634
166,P,1.466,34,101614,109435
167,P,1.487,34,103070,110036
168,P,1.508,35,93122,110617
169,P,1.529,34,105982,112208
170,P,1.550,34,107437,112830
171,P,1.571,34,108893,113429
172,P,1.592,35,98310,113997
173,P,1.613,34,111805,116238
174,P,1.634,34,113261,116976
175,P,1.655,35,102201,117720
176,P,1.676,34,116172,121599
177,P,1.697,34,117628,123409
178,P,1.718,34,119084,126299
179,P,1.739,33,135301,133515
180,P,1.761,35,108685,109910
181,P,1.782,36,97983,109975
182,P,1.803,36,99139,110641
183,P,1.824,36,100294,111318
184,P,1.845,36,101450,112007
185,P,1.866,36,102605,112710
186,P,1.887,36,103761,113432
187,P,1.908,36,104916,114176
188,P,1.929,36,106071,114948
189,P,1.950,36,107227,115755
190,P,1.971,36,108382,116608
191,P,1.992,36,109538,117522
192,P,2.013,36,110693,118520
193,P,2.034,36,111849,119638
194,P,2.055,36,113004,120936
195,P,2.076,36,114160,122523
196,P,2.097,36,115315,124614
197,P,2.118,36,116471,127714
198,P,2.139,35,132031,133335
199,P,2.160,35,133328,134640
200,P,2.181,37,106852,110065
201,P,2.202,37,107881,110234
202,P,2.223,37,108910,110365
203,P,2.244,37,109940,110451
204,P,2.265,37,110969,110483
205,P,2.286,37,111999,110450
206,P,2.307,37,113028,110340
207,P,2.328,37,114057,110133
208,P,2.349,37,115087,109806
209,P,2.370,37,116116,109326
210,P,2.391,37,117146,108647
211,P,2.412,37,118175,107703
212,P,2.433,38,106199,106394
213,P,2.454,38,107116,106421
214,P,2.475,38,108033,106306
215,P,2.496,39,97064,105960
216,P,2.517,38,109867,108185
217,P,2.538,39,98698,107624
218,P,2.559,38,111702,112087
219,P,2.580,40,89386,112473
220,P,2.601,39,101149,111154
221,P,2.622,39,101966,111680
222,P,2.643,39,102783,112220
223,P,2.664,39,103600,112775
224,P,2.685,39,104417,113349
225,P,2.706,39,105234,113944
226,P,2.727,39,106051,114567
227,P,2.748,39,106868,115222
228,P,2.769,39,107685,115918
229,P,2.790,39,108502,116666
230,P,2.811,39,109319,117483
231,P,2.832,38,123624,118390
232,P,2.853,38,124541,117736
233,P,2.874,39,111770,116764
234,P,2.895,39,112587,117596
235,P,2.916,39,113404,118598
236,P,2.937,39,114222,119896
237,P,2.958,38,129126,121788
238,P,2.979,39,115856,118119
239,P,3.000,39,116673,120383
