window_offset,block,reg,P_modal,P_share,I_modal,I_share,P_distinct,I_distinct
0xa00,isp,0x00,0x012000a2,588/601,0x012000a2,27/27,2,1
0xa04,isp,0x04,0x00900000,591/601,0x00900000,27/27,2,1
0xa08,isp,0x08,0x20000000,591/601,0x20000000,27/27,2,1
0xa14,isp,0x14,0x00000090,591/601,0x00000090,27/27,2,1
0xa2c,isp,0x2c,0x00a20120,592/601,0x00a20120,27/27,2,1
0xa78,isp,0x78,0x00b00000,203/601,0x00b00000,12/27,4,3
0xa7c,isp,0x7c,0x00e00000,203/601,0x00e00000,12/27,4,3
0xa80,isp,0x80,0x00eb6400,203/601,0x00eb6400,12/27,4,3
0xad4,isp,0xd4,0x00000062,5/601,0x00000060,2/27,528,25
0xae4,isp,0xe4,0x03ff03ff,601/601,0x03ff03ff,27/27,1,1
0xaf0,isp,0xf0,0x00000200,601/601,0x00000200,27/27,1,1
0xb00,enc,0x00,0x012000a2,601/601,0x012000a2,27/27,1,1
0xb04,enc,0x04,0x00000510,601/601,0x00000100,27/27,1,1
0xb08,enc,0x08,0x08000d2c,398/601,0x08000d25,27/27,5,1
0xb10,enc,0x10,0x08001200,600/601,0x08001200,27/27,2,1
0xb14,enc,0x14,0x15480007,2/601,0x810a0007,1/27,587,27
0xb1c,enc,0x1c,0x8000ee60,175/601,0x8080be60,5/27,19,9
0xb20,enc,0x20,0x00000001,600/601,0x00000001,27/27,2,1
0xb2c,enc,0x2c,0xc200abe0,521/601,0x0000abe0,15/27,12,2
0xb30,enc,0x30,0x120f0c09,600/601,0x120f0c09,27/27,2,1
0xb34,enc,0x34,0x261e1814,600/601,0x261e1814,27/27,2,1
0xb38,enc,0x38,0xffff3630,600/601,0xffff3630,27/27,2,1
0xb40,enc,0x40,0x74000014,600/601,0x74000014,27/27,2,1
0xb44,enc,0x44,0x0c1e0000,600/601,0x0c1e0000,27/27,2,1
0xb48,enc,0x48,0x0056000e,600/601,0x0056000e,27/27,2,1
0xb4c,enc,0x4c,0x01cc0176,600/601,0x01cc0176,27/27,2,1
0xb50,enc,0x50,0x005f9169,1/601,0x00131efc,1/27,601,27
0xb54,enc,0x54,0x00000149,3/601,0x00006adc,1/27,587,27
0xb58,enc,0x58,0x00000b31,2/601,0x00001157,1/27,594,27
0xb5c,enc,0x5c,0x004303ff,24/601,0x02240000,6/27,139,15
0xb60,enc,0x60,0x00000800,600/601,0x00000800,27/27,2,1
0xb70,enc,0x70,0xff000000,600/601,0xff000000,27/27,2,1
0xb80,enc,0x80,0x00017000,600/601,0x00017000,27/27,2,1
0xb84,enc,0x84,0x0001b457,599/601,0x0001b457,27/27,2,1
0xb8c,enc,0x8c,0x02550000,13/601,0x02b20000,12/27,88,3
0xb90,enc,0x90,0x00000000,2/601,0x003b34f8,1/27,600,27
0xb9c,enc,0x9c,0x000002f0,598/601,0x000002f0,27/27,2,1
0xba0,enc,0xa0,0x0001c000,323/601,0x0001c000,27/27,3,1
0xba4,enc,0xa4,0x0001ef40,322/601,0x0001ef40,27/27,3,1
0xbb0,enc,0xb0,0x00021000,322/601,0x0001c000,27/27,3,1
0xbb4,enc,0xb4,0x00023f40,322/601,0x0001ef40,27/27,3,1
0xbb8,enc,0xb8,0x00000400,322/601,0x00000400,27/27,3,1
0xbbc,enc,0xbc,0x00000600,322/601,0x00000400,27/27,3,1
0xbc0,enc,0xc0,0x00000580,596/601,0x00000580,27/27,2,1
0xbc4,enc,0xc4,0x00000780,596/601,0x00000780,27/27,2,1
0xbe4,enc,0xe4,0xffffffff,595/601,0xffffffff,27/27,2,1
0xbf8,enc,0xf8,0x00000520,593/601,0x00000000,27/27,2,1
